{
  "Alumni details": [
    {
      "usn": "1RD12MCA04",
      "name": "Karthik",
      "̥placed_year": "2015",
      "company": "Accenture",
      "email": "kart@gmail.com",
      "contact": "8888888804",
      "salary": "5.5LPA"
    },
    {
      "usn": "1RD14MCA03",
      "name": "Charan",
      "placed_year": "2017",
      "company": "Accenture",
      "email": "charan@gmail.com",
      "contact": "8888888803",
      "salary": "6.5LPA"
    },
    {
      "usn": "1RD15MCA01",
      "name": "Vijay Babu",
      "placed_year": "2018",
      "company": "Google",
      "email": "vijaybabu@gmail.com",
      "contact": "8888888801",
      "salary": "5.3LPA"
    },
    {
      "usn": "1RD15MCA02",
      "name": "Sana",
      "placed_year": "2018",
      "company": "Delloite",
      "email": "sana@gmail.com",
      "contact": "8888888802",
      "salary": "4.8LPA"
    },
    {
      "usn": "1RV14MCA05",
      "name": "Akash",
      "placed_year": "2017",
      "company": "ADC",
      "email": "abc@gmail.com",
      "contact": "999999990",
      "salary": "7LPA"
    },
    {
      "usn": "1RV18MCA15",
      "name": "Amit Rawat",
      "placed_year": "2018",
      "company": "TCS",
      "email": "amit123@gmail.com",
      "contact": "123456",
      "salary": "23LPA"
    }
  ]
}